{"cameraMode":{"drawMode":0,"name":"Shaded","section":"Shading Mode"},"sceneLighting":true,"audioPlay":false,"sceneViewState":{"showFog":true,"showMaterialUpdate":false,"showSkybox":true,"showFlares":true,"showImageEffects":true,"showParticleSystems":true},"in2DMode":false,"pivot":{"x":-22.889999389648439,"y":7.409999847412109,"z":11.220000267028809},"rotation":{"x":-0.14761246740818025,"y":-0.7644986510276794,"z":0.18855692446231843,"w":-0.5984971523284912},"size":14.850000381469727,"orthographic":false}