{"cameraMode":{"drawMode":0,"name":"Shaded","section":"Shading Mode"},"sceneLighting":false,"audioPlay":false,"sceneViewState":{"showFog":true,"showMaterialUpdate":false,"showSkybox":true,"showFlares":true,"showImageEffects":true,"showParticleSystems":true},"in2DMode":false,"pivot":{"x":-18.862403869628908,"y":6.112278461456299,"z":9.654844284057618},"rotation":{"x":-0.14761246740818025,"y":-0.7644986510276794,"z":0.18855692446231843,"w":-0.5984971523284912},"size":0.3116534650325775,"orthographic":false}