{"cameraMode":{"drawMode":0,"name":"Shaded","section":"Shading Mode"},"sceneLighting":false,"audioPlay":false,"sceneViewState":{"showFog":true,"showMaterialUpdate":false,"showSkybox":true,"showFlares":true,"showImageEffects":true,"showParticleSystems":true},"in2DMode":false,"pivot":{"x":-5.395920753479004,"y":4.23070764541626,"z":17.32052993774414},"rotation":{"x":-0.07764434069395066,"y":-0.9046615958213806,"z":0.18745110929012299,"w":-0.3747278153896332},"size":5.632632255554199,"orthographic":false}