{"cameraMode":{"drawMode":0,"name":"Shaded","section":"Shading Mode"},"sceneLighting":false,"audioPlay":false,"sceneViewState":{"showFog":true,"showMaterialUpdate":false,"showSkybox":true,"showFlares":true,"showImageEffects":true,"showParticleSystems":true},"in2DMode":false,"pivot":{"x":-46.55049514770508,"y":15.484075546264649,"z":-6.5691022872924809},"rotation":{"x":-0.07764434069395066,"y":-0.9046615958213806,"z":0.18745110929012299,"w":-0.3747278153896332},"size":72.95247650146485,"orthographic":false}