{"cameraMode":{"drawMode":0,"name":"Shaded","section":"Shading Mode"},"sceneLighting":false,"audioPlay":false,"sceneViewState":{"showFog":true,"showMaterialUpdate":false,"showSkybox":true,"showFlares":true,"showImageEffects":true,"showParticleSystems":true},"in2DMode":false,"pivot":{"x":-0.0874510407447815,"y":1.9911103248596192,"z":0.08702218532562256},"rotation":{"x":-0.12404463440179825,"y":-0.8748452067375183,"z":0.35381221771240237,"w":-0.30671775341033938},"size":5.064209938049316,"orthographic":false}