{"cameraMode":{"drawMode":0,"name":"Shaded","section":"Shading Mode"},"sceneLighting":true,"audioPlay":false,"sceneViewState":{"showFog":true,"showMaterialUpdate":false,"showSkybox":true,"showFlares":true,"showImageEffects":true,"showParticleSystems":true},"in2DMode":false,"pivot":{"x":-44.3957405090332,"y":-8.977738380432129,"z":-20.34038543701172},"rotation":{"x":-0.03297532722353935,"y":-0.9423481822013855,"z":0.318380743265152,"w":-0.09760299324989319},"size":354.42840576171877,"orthographic":false}